<?xml version="1.0" encoding="UTF-8"?>
<!DOCTYPE hibernate-configuration PUBLIC
        "-//Hibernate/Hibernate Configuration DTD 3.0//EN"
        "http://www.hibernate.org/dtd/hibernate-configuration-3.0.dtd">
<hibernate-configuration>
    <session-factory>
        <!-- update the database schema on startup -->
        <property name="hibernate.hbm2ddl.auto"> validate </property>

        <!-- Database connection settings -->
        <property name="connection.driver_class">com.mysql.cj.jdbc.Driver</property>
        <property name="connection.url">jdbc:mysql://localhost:3307/Java_SBA?createDatabaseIfNotExist=true</property>
        <property name="connection.username">root</property>
        <property name="connection.password">W@ffles02</property>

        <!-- MySQL DB dialect -->
        <property name="dialect">org.hibernate.dialect.MySQL8Dialect   </property>
        <!-- print all executed SQL on console -->
        <property name="hibernate.show_sql" >false </property>
        <property name="hibernate.format_sql" >false </property>
        <property name="hibernate.generate_statistics">false</property>


        <!--   Mapping entity file -->
        <mapping class="jpa.entitymodels.Course"/>
        <mapping class="jpa.entitymodels.Student"/>

    </session-factory>
</hibernate-configuration>





